<?xml version="1.0" encoding="UTF-8"?>
<project-private xmlns="http://www.netbeans.org/ns/project-private/1">
    <editor-bookmarks xmlns="http://www.netbeans.org/ns/editor-bookmarks/2" lastBookmarkId="0"/>
    <open-files xmlns="http://www.netbeans.org/ns/projectui-open-files/2">
        <group>
            <file>file:/local/home/informatica/Documentos/pizzaria%20ltp/SóNosCrack/public_html/index.html</file>
            <file>file:/local/home/informatica/Documentos/pizzaria%20ltp/SóNosCrack/public_html/labirinto.html</file>
            <file>file:/local/home/informatica/Documentos/pizzaria%20ltp/SóNosCrack/public_html/index.css</file>
            <file>file:/local/home/informatica/Documentos/pizzaria%20ltp/SóNosCrack/public_html/detonado.html</file>
            <file>file:/local/home/informatica/Documentos/pizzaria%20ltp/SóNosCrack/public_html/script.js</file>
        </group>
    </open-files>
</project-private>
